{
  "auc": {
    "xgb": 0.7746946941488831,
    "lgbm": 0.7739870324237286,
    "catboost": 0.7716205813860176
  }
}