{
  "auc": {
    "extratree": 0.7748631221775795,
    "logistic": 0.7752396559492571
  }
}